mark,description,init_status,perturbation_resistant,area
10,,,1,area1
11,,,1,area2
12,,,1,area3
13,,,1,area4
14,,,1,area5
1,,,0,area1
S1,,1,0,area1
2,,,0,area1
S2,,1,0,area1
3,,,0,area2
S3,,1,0,area2
4,,,0,area2
S4,,1,0,area2
5,,,0,area3
S5,,1,0,area3
6,,,0,area3
6,,1,0,area3
S6,,1,0,area3
7,,,0,area4
S7,,1,0,area4
8,,,0,area4
S8,,1,0,area4
9,,,0,area5
B,,,0,area3
A,,,0,area1
C,,,0,area4
