mark,father_mark
10,1
11,3
12,5
13,7
14,9
1,A
1,S1
S1,1
S1,2
2,S1
2,S2
S2,2
S2,3
3,S2
3,S3
S3,3
S3,4
4,S3
4,S4
S4,4
S4,5
5,B
5,S4
5,S5
S5,5
S5,6
6,S5
6,S6
S6,6
S6,7
7,C
7,S6
7,S7
S7,7
S7,8
8,S7
8,S8
S8,8
S8,9
9,S8
